{"2":{"x":0,"y":113.85960693359374},"8":{"x":0,"y":63.132922363281246}}